{"2": [], "3": [], "4": [], "5": [], "6": [], "7": [], "8": [], "9": [], "10": [[[7, 14], [3, 5], [0, 6], [1, 19], [0, 16], [1, 20], [2, 20], [3, 20], [0, 18], [17, 18]], [[1, 10], [1, 20], [0, 18], [1, 19], [4, 11], [8, 15], [4, 13], [7, 9], [4, 12], [17, 20]], [[0, 14], [0, 20], [0, 20], [2, 16], [6, 15], [2, 7], [1, 13], [12, 18], [0, 20], [0, 20]], [[5, 14], [5, 17], [7, 18], [0, 20], [1, 17], [14, 18], [5, 20], [5, 12], [8, 13], [1, 20]], [[2, 18], [2, 4], [10, 19], [8, 13], [3, 19], [7, 12], [0, 15], [4, 12], [4, 20], [6, 20]], [[0, 16], [8, 19], [1, 9], [1, 10], [3, 16], [8, 19], [6, 7], [5, 11], [3, 17], [14, 18]], [[6, 19], [1, 14], [5, 12], [3, 8], [18, 20], [9, 13], [9, 20], [5, 16], [2, 17], [13, 19]], [[16, 19], [3, 10], [13, 20], [11, 15], [4, 18], [12, 13], [3, 13], [4, 16], [7, 13], [15, 19]], [[1, 3], [3, 16], [0, 20], [0, 20], [0, 18], [6, 19], [1, 9], [8, 13], [1, 20], [1, 17]], [[14, 18], [1, 20], [2, 13], [7, 14], [1, 14], [3, 19], [4, 17], [3, 12], [7, 13], [0, 16]], [[0, 14], [8, 9], [0, 11], [6, 14], [0, 18], [14, 17], [0, 13], [5, 18], [3, 18], [8, 12]], [[1, 15], [2, 20], [3, 20], [5, 20], [1, 20], [1, 11], [7, 16], [3, 11], [8, 18], [11, 20]], [[0, 19], [4, 17], [3, 19], [1, 17], [1, 13], [8, 11], [4, 11], [2, 10], [0, 15], [1, 3]], [[9, 19], [2, 12], [6, 15], [5, 20], [1, 19], [11, 17], [1, 9], [5, 19], [5, 12], [8, 20]], [[0, 20], [7, 20], [0, 18], [4, 8], [0, 17], [2, 20], [6, 11], [7, 13], [1, 10], [4, 8]], [[15, 18], [1, 16], [0, 3], [0, 20], [0, 15], [6, 19], [6, 14], [8, 19], [15, 17], [5, 9]], [[2, 8], [1, 14], [4, 7], [7, 14], [11, 18], [4, 18], [4, 16], [12, 17], [0, 2], [16, 19]], [[2, 20], [3, 19], [3, 20], [0, 20], [4, 5], [2, 14], [5, 11], [3, 12], [4, 13], [15, 20]], [[0, 19], [3, 7], [9, 20], [0, 20], [2, 13], [5, 18], [0, 18], [5, 20], [9, 19], [1, 19]], [[6, 19], [3, 7], [12, 19], [11, 19], [0, 20], [17, 20], [0, 15], [1, 18], [7, 13], [2, 16]], [[6, 18], [1, 17], [6, 16], [1, 6], [0, 10], [4, 20], [4, 7], [0, 16], [7, 11], [11, 14]], [[7, 15], [1, 20], [6, 19], [2, 5], [2, 12], [17, 20], [0, 18], [1, 9], [3, 4], [18, 20]], [[12, 16], [2, 20], [7, 15], [4, 20], [1, 18], [12, 18], [1, 20], [5, 15], [16, 18], [17, 19]], [[11, 15], [0, 18], [2, 10], [0, 18], [1, 20], [8, 14], [3, 19], [5, 20], [1, 10], [0, 19]], [[8, 18], [7, 20], [12, 15], [5, 12], [0, 20], [5, 20], [0, 20], [2, 20], [0, 8], [15, 17]], [[6, 15], [1, 19], [2, 20], [4, 19], [1, 20], [7, 18], [5, 16], [15, 20], [0, 5], [8, 17]], [[14, 18], [1, 15], [3, 18], [1, 17], [9, 20], [6, 8], [2, 15], [4, 6], [3, 5], [1, 20]], [[9, 18], [2, 4], [1, 13], [2, 15], [7, 13], [2, 15], [1, 19], [1, 18], [0, 7], [1, 20]], [[13, 18], [1, 19], [7, 9], [15, 19], [3, 19], [2, 20], [5, 7], [7, 18], [11, 20], [0, 20]], [[1, 19], [7, 15], [7, 12], [0, 20], [10, 16], [1, 19], [1, 20], [0, 20], [1, 18], [12, 17]], [[12, 14], [4, 19], [0, 16], [5, 19], [6, 20], [7, 11], [9, 13], [3, 19], [19, 20], [10, 18]], [[13, 20], [0, 16], [3, 11], [5, 15], [8, 16], [5, 17], [1, 17], [7, 19], [11, 14], [12, 15]], [[4, 11], [10, 19], [6, 11], [5, 19], [1, 3], [0, 16], [1, 15], [2, 20], [0, 13], [0, 8]], [[0, 19], [4, 20], [2, 8], [12, 15], [0, 15], [11, 13], [1, 11], [12, 20], [0, 7], [11, 15]], [[4, 7], [9, 19], [0, 15], [12, 19], [3, 19], [2, 20], [6, 20], [0, 7], [3, 15], [1, 7]], [[8, 19], [0, 16], [2, 20], [1, 19], [4, 13], [0, 11], [2, 10], [4, 19], [9, 18], [10, 12]], [[1, 16], [12, 20], [17, 19], [13, 18], [15, 17], [1, 11], [2, 20], [6, 14], [1, 20], [0, 5]], [[0, 7], [4, 16], [0, 20], [8, 20], [0, 18], [7, 20], [1, 15], [2, 20], [13, 20], [2, 3]], [[4, 18], [6, 14], [4, 17], [9, 20], [10, 13], [0, 16], [1, 18], [1, 3], [4, 18], [2, 19]], [[1, 9], [11, 13], [6, 20], [4, 5], [2, 13], [0, 20], [4, 13], [1, 18], [4, 20], [2, 4]], [[5, 11], [6, 8], [9, 12], [2, 15], [6, 11], [1, 18], [12, 19], [11, 19], [3, 5], [0, 20]], [[4, 17], [7, 17], [5, 11], [0, 9], [2, 13], [1, 16], [3, 11], [0, 15], [4, 5], [3, 10]], [[5, 19], [1, 16], [5, 8], [10, 18], [12, 13], [2, 15], [3, 20], [3, 20], [0, 18], [5, 18]], [[0, 19], [4, 14], [1, 12], [7, 17], [4, 18], [3, 13], [4, 7], [0, 17], [18, 20], [2, 20]], [[0, 15], [12, 20], [2, 20], [0, 10], [7, 19], [0, 15], [3, 18], [2, 3], [5, 20], [0, 16]], [[3, 20], [2, 13], [9, 20], [12, 13], [1, 20], [4, 19], [11, 12], [2, 12], [7, 9], [4, 17]], [[5, 18], [13, 15], [8, 16], [2, 20], [3, 15], [8, 15], [4, 8], [9, 17], [1, 15], [9, 11]], [[15, 16], [5, 14], [3, 5], [9, 16], [0, 18], [0, 17], [16, 20], [4, 13], [2, 11], [6, 14]], [[7, 18], [6, 11], [0, 16], [7, 15], [17, 19], [3, 6], [11, 16], [2, 18], [2, 13], [7, 12]], [[0, 15], [4, 18], [4, 13], [3, 19], [6, 16], [0, 19], [2, 5], [5, 17], [13, 20], [11, 14]], [[12, 20], [10, 15], [5, 9], [5, 13], [3, 19], [2, 13], [2, 17], [7, 18], [0, 3], [14, 18]], [[5, 17], [11, 16], [1, 7], [2, 11], [2, 11], [4, 19], [7, 17], [14, 17], [10, 11], [5, 19]], [[10, 16], [7, 17], [2, 4], [3, 20], [5, 20], [5, 17], [19, 20], [0, 13], [8, 13], [1, 20]], [[2, 19], [15, 20], [8, 17], [0, 17], [0, 3], [13, 19], [2, 18], [2, 20], [2, 20], [2, 11]], [[0, 13], [2, 18], [6, 19], [5, 15], [4, 16], [1, 20], [4, 18], [11, 20], [0, 16], [6, 16]], [[6, 19], [15, 17], [5, 20], [0, 19], [1, 10], [1, 2], [0, 20], [2, 13], [7, 19], [10, 16]], [[3, 19], [0, 11], [0, 20], [5, 9], [0, 6], [2, 20], [0, 11], [2, 10], [8, 15], [7, 19]], [[3, 19], [10, 17], [4, 20], [4, 13], [0, 8], [0, 19], [9, 17], [6, 15], [0, 19], [2, 5]], [[1, 19], [2, 18], [0, 18], [5, 15], [5, 14], [0, 15], [1, 18], [0, 17], [3, 17], [1, 7]], [[1, 16], [0, 6], [2, 20], [11, 20], [10, 13], [1, 19], [6, 15], [0, 17], [7, 10], [1, 13]], [[11, 20], [0, 20], [2, 19], [3, 19], [19, 20], [0, 12], [11, 17], [1, 19], [3, 20], [7, 16]], [[2, 19], [8, 10], [10, 15], [0, 12], [1, 14], [2, 16], [1, 18], [1, 20], [4, 20], [1, 18]], [[1, 20], [3, 14], [6, 13], [9, 10], [6, 13], [0, 20], [11, 12], [4, 15], [11, 20], [8, 11]], [[6, 11], [0, 11], [3, 17], [4, 17], [3, 20], [0, 12], [3, 4], [0, 14], [0, 20], [0, 18]], [[15, 18], [0, 12], [1, 13], [5, 20], [0, 8], [4, 18], [3, 10], [9, 11], [1, 20], [0, 20]], [[5, 10], [2, 9], [1, 18], [12, 17], [7, 12], [3, 14], [15, 20], [11, 15], [0, 20], [0, 20]], [[0, 18], [3, 19], [0, 19], [5, 17], [0, 20], [11, 20], [4, 17], [3, 19], [5, 7], [10, 14]], [[0, 20], [4, 19], [1, 9], [3, 6], [2, 15], [3, 18], [10, 19], [6, 20], [10, 20], [0, 14]], [[6, 13], [7, 20], [10, 17], [1, 2], [0, 8], [16, 17], [18, 19], [1, 20], [12, 15], [6, 16]], [[2, 15], [0, 6], [0, 7], [2, 18], [5, 18], [0, 18], [5, 11], [1, 19], [8, 15], [9, 14]], [[0, 17], [1, 8], [7, 13], [1, 15], [1, 19], [2, 15], [4, 13], [0, 17], [8, 19], [2, 4]], [[4, 18], [2, 19], [9, 11], [5, 14], [2, 7], [3, 20], [18, 20], [11, 20], [7, 11], [8, 11]], [[3, 14], [1, 18], [2, 18], [0, 17], [2, 11], [6, 10], [13, 17], [1, 20], [8, 18], [2, 11]], [[15, 19], [2, 18], [3, 19], [1, 3], [3, 13], [2, 11], [17, 18], [2, 15], [8, 16], [7, 14]], [[9, 14], [6, 10], [5, 19], [1, 2], [1, 10], [1, 17], [1, 19], [0, 1], [3, 12], [10, 18]], [[0, 11], [5, 17], [3, 16], [4, 15], [1, 6], [6, 11], [14, 15], [1, 14], [0, 7], [2, 18]], [[3, 10], [1, 20], [2, 14], [2, 18], [1, 12], [3, 9], [0, 20], [3, 20], [6, 18], [1, 8]], [[6, 18], [2, 18], [3, 9], [13, 17], [16, 20], [16, 18], [12, 17], [3, 13], [1, 9], [12, 17]], [[7, 16], [6, 18], [0, 19], [9, 12], [0, 7], [0, 8], [4, 18], [2, 19], [5, 18], [13, 18]], [[4, 17], [0, 20], [5, 18], [8, 18], [4, 16], [0, 19], [3, 14], [1, 14], [11, 17], [2, 16]], [[4, 7], [1, 20], [2, 9], [1, 16], [19, 20], [2, 14], [1, 20], [0, 20], [9, 20], [1, 5]], [[2, 14], [4, 14], [1, 17], [0, 2], [2, 19], [0, 18], [0, 19], [1, 19], [0, 18], [8, 11]], [[9, 10], [0, 18], [16, 20], [2, 18], [19, 20], [9, 10], [0, 19], [8, 13], [2, 8], [1, 14]], [[6, 13], [14, 16], [6, 13], [2, 18], [0, 15], [2, 10], [0, 12], [0, 19], [14, 17], [1, 15]], [[4, 10], [2, 16], [13, 20], [0, 19], [6, 19], [1, 13], [5, 15], [16, 19], [3, 11], [5, 20]], [[2, 17], [14, 16], [0, 20], [0, 12], [8, 18], [4, 20], [8, 11], [11, 17], [5, 19], [6, 17]], [[5, 16], [4, 5], [8, 18], [0, 20], [1, 18], [0, 18], [14, 18], [8, 18], [6, 7], [1, 18]], [[4, 10], [4, 15], [10, 13], [6, 7], [16, 18], [7, 16], [4, 14], [0, 19], [6, 14], [1, 20]], [[5, 20], [0, 20], [3, 8], [1, 18], [6, 9], [1, 15], [9, 14], [15, 19], [5, 13], [5, 18]], [[0, 20], [7, 18], [1, 20], [2, 13], [7, 16], [0, 18], [0, 13], [9, 18], [3, 16], [4, 20]], [[3, 17], [4, 15], [0, 17], [2, 20], [1, 20], [4, 20], [1, 18], [2, 10], [9, 12], [0, 20]], [[10, 14], [13, 19], [1, 19], [1, 16], [10, 15], [5, 14], [0, 16], [2, 6], [2, 14], [13, 17]], [[10, 18], [8, 13], [2, 5], [2, 15], [1, 12], [7, 17], [3, 12], [1, 19], [0, 18], [7, 12]], [[11, 14], [4, 8], [9, 11], [0, 17], [4, 19], [7, 20], [2, 19], [0, 16], [5, 18], [1, 5]], [[6, 14], [1, 18], [3, 20], [9, 12], [0, 20], [8, 19], [8, 14], [0, 16], [3, 12], [1, 19]], [[17, 19], [3, 14], [8, 19], [3, 17], [0, 20], [4, 15], [1, 16], [10, 14], [0, 17], [3, 6]], [[2, 12], [2, 9], [9, 18], [3, 14], [2, 11], [4, 13], [17, 19], [6, 15], [7, 17], [8, 14]], [[4, 10], [2, 7], [2, 13], [6, 18], [1, 14], [4, 19], [0, 19], [5, 11], [1, 19], [10, 17]], [[13, 14], [1, 14], [14, 20], [13, 18], [0, 20], [2, 9], [5, 10], [2, 20], [11, 19], [5, 19]], [[3, 9], [3, 15], [2, 7], [5, 19], [14, 17], [1, 18], [11, 17], [5, 17], [0, 2], [0, 20]], [[13, 18], [2, 7], [5, 9], [5, 20], [12, 16], [3, 15], [4, 9], [9, 20], [4, 7], [8, 19]], [[10, 14], [9, 20], [14, 19], [0, 5], [7, 20], [2, 18], [1, 6], [7, 19], [2, 19], [5, 20]], [[2, 11], [3, 7], [13, 14], [1, 20], [3, 20], [0, 19], [8, 18], [9, 18], [1, 14], [6, 15]], [[2, 6], [8, 11], [0, 3], [1, 18], [1, 19], [1, 17], [9, 20], [4, 20], [12, 20], [4, 18]], [[19, 20], [1, 13], [2, 8], [2, 6], [14, 20], [4, 15], [0, 17], [5, 16], [10, 11], [3, 16]], [[2, 16], [1, 19], [2, 16], [2, 11], [1, 18], [4, 19], [9, 20], [2, 20], [1, 16], [3, 14]], [[17, 20], [3, 20], [6, 17], [7, 13], [0, 4], [0, 13], [1, 10], [1, 20], [10, 16], [4, 13]], [[6, 17], [0, 19], [1, 14], [0, 20], [8, 19], [10, 14], [2, 17], [12, 19], [9, 13], [4, 20]], [[7, 10], [7, 20], [0, 18], [0, 19], [1, 17], [0, 18], [5, 15], [3, 5], [1, 19], [6, 11]], [[0, 20], [4, 20], [1, 19], [10, 12], [0, 17], [7, 13], [1, 16], [9, 10], [1, 20], [5, 16]], [[0, 20], [2, 4], [4, 9], [5, 15], [0, 20], [5, 14], [0, 15], [4, 15], [4, 6], [2, 8]], [[0, 20], [1, 13], [0, 20], [0, 20], [9, 11], [0, 20], [0, 11], [0, 18], [9, 13], [15, 20]], [[7, 15], [13, 20], [0, 20], [10, 11], [10, 17], [6, 20], [11, 15], [0, 15], [3, 4], [11, 19]], [[0, 20], [2, 13], [13, 20], [10, 19], [4, 10], [6, 10], [1, 15], [0, 18], [4, 16], [8, 16]], [[5, 20], [1, 17], [9, 11], [5, 18], [3, 17], [1, 8], [8, 19], [8, 11], [17, 19], [1, 11]], [[1, 19], [6, 8], [3, 17], [4, 10], [6, 15], [3, 20], [9, 15], [7, 19], [7, 19], [2, 18]], [[1, 20], [9, 18], [1, 2], [6, 7], [1, 2], [0, 4], [3, 20], [7, 15], [3, 10], [3, 12]], [[0, 10], [0, 13], [3, 20], [0, 9], [14, 16], [0, 15], [12, 15], [4, 20], [9, 18], [8, 20]], [[1, 14], [2, 13], [1, 7], [0, 2], [4, 20], [8, 12], [3, 7], [2, 12], [0, 17], [0, 9]], [[7, 12], [5, 20], [8, 13], [1, 19], [13, 19], [4, 16], [6, 20], [0, 12], [0, 8], [2, 19]], [[8, 13], [4, 17], [5, 18], [0, 18], [2, 8], [5, 13], [0, 20], [4, 6], [13, 19], [0, 20]], [[5, 16], [2, 16], [1, 12], [5, 12], [0, 7], [12, 20], [6, 20], [9, 20], [3, 4], [4, 12]], [[8, 14], [17, 20], [0, 11], [1, 18], [0, 4], [5, 7], [1, 20], [0, 15], [2, 6], [12, 19]], [[0, 7], [0, 20], [5, 20], [0, 19], [1, 9], [1, 19], [13, 17], [3, 13], [5, 12], [8, 10]], [[0, 16], [10, 15], [0, 20], [1, 20], [2, 18], [1, 18], [1, 20], [6, 17], [8, 11], [3, 18]], [[5, 17], [3, 14], [3, 15], [8, 19], [3, 18], [10, 19], [16, 19], [6, 17], [2, 16], [3, 15]], [[11, 18], [4, 12], [3, 13], [1, 20], [8, 14], [4, 10], [0, 20], [5, 19], [2, 17], [1, 19]], [[1, 14], [2, 14], [4, 16], [9, 14], [0, 8], [0, 19], [0, 20], [2, 18], [0, 20], [0, 20]], [[0, 19], [0, 11], [5, 12], [11, 16], [10, 12], [0, 11], [13, 18], [8, 18], [3, 12], [4, 20]], [[0, 11], [4, 19], [4, 11], [0, 18], [12, 13], [3, 17], [3, 10], [5, 17], [0, 6], [7, 14]], [[1, 14], [7, 12], [4, 7], [18, 19], [3, 15], [5, 14], [7, 10], [9, 16], [7, 20], [5, 16]], [[2, 4], [0, 20], [0, 8], [4, 17], [6, 20], [5, 16], [0, 12], [3, 12], [13, 18], [2, 19]], [[7, 14], [5, 10], [1, 19], [4, 18], [1, 19], [1, 13], [0, 20], [2, 9], [6, 15], [0, 20]], [[3, 12], [3, 11], [7, 9], [0, 20], [2, 12], [1, 11], [2, 17], [7, 16], [0, 20], [3, 16]], [[1, 19], [2, 19], [10, 12], [5, 10], [9, 14], [2, 19], [11, 16], [2, 12], [0, 13], [2, 18]], [[18, 20], [7, 17], [3, 7], [0, 19], [1, 11], [5, 12], [1, 20], [12, 14], [1, 3], [5, 10]], [[12, 19], [2, 17], [10, 16], [6, 15], [4, 20], [1, 20], [2, 15], [1, 20], [15, 19], [0, 20]], [[4, 13], [0, 17], [1, 18], [8, 15], [13, 15], [4, 18], [4, 13], [17, 19], [3, 19], [3, 20]], [[2, 4], [0, 17], [5, 13], [13, 19], [6, 15], [14, 15], [6, 19], [6, 15], [1, 4], [12, 16]], [[0, 18], [0, 12], [1, 6], [3, 17], [4, 20], [2, 20], [0, 20], [0, 17], [7, 19], [11, 19]], [[0, 20], [0, 19], [12, 20], [14, 19], [0, 8], [10, 17], [8, 9], [0, 19], [5, 18], [5, 13]], [[3, 20], [2, 17], [1, 8], [14, 16], [1, 15], [1, 14], [8, 20], [1, 17], [4, 13], [0, 20]], [[0, 8], [0, 4], [1, 20], [4, 15], [0, 1], [12, 13], [9, 16], [1, 11], [5, 20], [5, 18]], [[15, 20], [4, 18], [3, 17], [2, 14], [2, 19], [10, 14], [12, 17], [0, 17], [3, 18], [5, 16]], [[3, 16], [1, 20], [0, 10], [5, 14], [5, 18], [0, 19], [5, 9], [0, 20], [1, 14], [12, 19]], [[2, 5], [4, 12], [7, 15], [10, 20], [1, 20], [0, 2], [3, 14], [5, 15], [5, 12], [0, 18]], [[8, 19], [10, 15], [2, 17], [5, 19], [1, 20], [13, 14], [2, 14], [0, 14], [4, 20], [1, 20]], [[3, 20], [9, 12], [11, 17], [15, 20], [0, 19], [3, 15], [4, 19], [2, 20], [4, 18], [1, 13]], [[0, 17], [9, 15], [0, 18], [7, 12], [13, 16], [3, 17], [0, 12], [4, 15], [7, 9], [0, 20]], [[3, 16], [0, 19], [7, 19], [0, 15], [0, 20], [0, 19], [2, 18], [7, 15], [17, 20], [6, 19]], [[0, 6], [0, 17], [1, 14], [0, 18], [4, 18], [12, 14], [9, 11], [5, 16], [5, 15], [4, 8]], [[7, 11], [3, 6], [2, 9], [1, 17], [0, 20], [5, 11], [2, 19], [8, 9], [5, 13], [9, 15]], [[12, 19], [6, 18], [1, 18], [0, 6], [5, 16], [2, 3], [11, 18], [3, 13], [2, 13], [1, 12]], [[12, 20], [2, 13], [0, 10], [0, 18], [1, 18], [2, 20], [1, 13], [1, 20], [2, 18], [2, 17]], [[5, 17], [1, 19], [5, 14], [12, 16], [8, 18], [6, 12], [2, 13], [14, 16], [12, 16], [11, 17]], [[4, 6], [8, 9], [8, 20], [6, 20], [0, 17], [4, 9], [4, 18], [0, 18], [8, 15], [1, 4]], [[0, 12], [1, 17], [13, 14], [2, 13], [8, 13], [2, 20], [0, 19], [7, 19], [1, 16], [3, 16]], [[0, 20], [0, 19], [3, 20], [6, 10], [1, 13], [6, 12], [8, 9], [0, 4], [3, 8], [6, 19]], [[5, 10], [13, 20], [0, 3], [3, 19], [15, 17], [11, 19], [3, 20], [4, 16], [0, 20], [1, 20]], [[1, 19], [1, 18], [0, 14], [4, 18], [1, 17], [4, 16], [2, 20], [0, 20], [10, 13], [1, 8]], [[2, 19], [1, 19], [2, 18], [1, 10], [9, 15], [3, 6], [0, 9], [1, 14], [4, 14], [3, 14]], [[15, 19], [5, 13], [12, 13], [7, 18], [3, 10], [5, 15], [11, 20], [11, 18], [4, 12], [0, 20]], [[7, 11], [10, 20], [4, 16], [4, 17], [6, 19], [3, 16], [3, 17], [7, 13], [0, 12], [6, 20]], [[1, 10], [5, 15], [0, 19], [7, 16], [7, 9], [0, 10], [4, 18], [4, 19], [8, 9], [13, 16]], [[5, 15], [18, 20], [0, 20], [9, 16], [7, 16], [0, 18], [0, 15], [3, 14], [18, 19], [3, 18]], [[16, 19], [11, 13], [5, 18], [1, 20], [3, 13], [16, 20], [9, 15], [0, 14], [6, 10], [3, 19]], [[7, 9], [0, 6], [2, 9], [0, 20], [0, 20], [4, 16], [1, 15], [0, 16], [12, 19], [0, 19]], [[4, 20], [3, 6], [4, 13], [4, 15], [3, 20], [4, 17], [0, 19], [12, 17], [5, 14], [1, 11]], [[3, 18], [6, 18], [5, 10], [4, 17], [1, 9], [3, 16], [0, 18], [3, 16], [4, 19], [7, 13]], [[2, 9], [4, 13], [14, 16], [7, 12], [2, 4], [2, 14], [1, 20], [3, 10], [1, 12], [9, 14]], [[1, 20], [1, 12], [1, 9], [0, 20], [8, 13], [0, 15], [13, 20], [13, 20], [2, 18], [1, 15]], [[2, 16], [4, 10], [2, 20], [0, 4], [16, 17], [1, 18], [2, 16], [7, 16], [4, 19], [7, 10]], [[6, 10], [3, 4], [0, 17], [0, 4], [0, 19], [3, 19], [1, 12], [8, 13], [1, 18], [0, 20]], [[3, 16], [0, 18], [2, 19], [3, 12], [0, 20], [4, 15], [0, 18], [1, 17], [8, 12], [4, 11]], [[1, 20], [7, 15], [9, 19], [16, 19], [3, 15], [0, 3], [2, 18], [9, 14], [0, 18], [4, 10]], [[1, 3], [0, 10], [5, 16], [2, 16], [2, 19], [1, 13], [15, 20], [7, 17], [0, 4], [3, 20]], [[1, 8], [3, 12], [6, 16], [4, 7], [0, 11], [10, 16], [6, 17], [3, 20], [8, 20], [13, 14]], [[11, 14], [4, 20], [10, 16], [3, 13], [5, 18], [1, 14], [3, 11], [8, 15], [4, 19], [12, 13]], [[6, 19], [5, 16], [8, 11], [0, 19], [11, 15], [4, 15], [2, 19], [0, 10], [10, 15], [2, 16]], [[7, 19], [12, 14], [4, 8], [1, 9], [10, 11], [6, 19], [0, 20], [1, 10], [0, 18], [6, 7]], [[5, 9], [1, 20], [8, 15], [1, 20], [14, 16], [7, 18], [2, 13], [3, 18], [2, 16], [2, 13]], [[4, 20], [1, 18], [13, 18], [14, 15], [2, 7], [10, 20], [1, 17], [1, 3], [2, 4], [15, 16]], [[5, 17], [6, 14], [0, 18], [0, 20], [2, 17], [4, 15], [0, 20], [1, 20], [7, 20], [2, 17]], [[5, 18], [5, 15], [10, 12], [6, 9], [3, 18], [8, 11], [1, 19], [1, 20], [4, 19], [0, 17]], [[0, 13], [16, 19], [11, 13], [3, 14], [3, 11], [10, 20], [3, 9], [4, 10], [0, 9], [1, 19]], [[3, 11], [3, 19], [4, 20], [4, 20], [3, 5], [1, 20], [11, 19], [10, 14], [2, 7], [16, 17]], [[3, 19], [0, 20], [0, 20], [13, 17], [9, 13], [12, 18], [12, 18], [0, 20], [13, 17], [1, 9]], [[14, 16], [1, 7], [0, 15], [11, 19], [4, 7], [7, 11], [0, 3], [0, 20], [0, 20], [3, 4]], [[11, 15], [1, 17], [2, 6], [7, 12], [11, 18], [1, 5], [3, 7], [6, 10], [18, 19], [6, 12]], [[6, 13], [2, 17], [3, 17], [1, 19], [3, 8], [1, 4], [9, 18], [0, 12], [1, 18], [1, 16]], [[12, 14], [4, 12], [4, 20], [12, 18], [7, 20], [0, 20], [5, 7], [0, 18], [0, 20], [0, 15]], [[0, 19], [9, 15], [5, 13], [0, 20], [0, 20], [1, 20], [6, 15], [0, 18], [1, 15], [12, 15]], [[0, 19], [11, 18], [4, 19], [7, 17], [2, 18], [6, 17], [4, 18], [5, 8], [8, 14], [0, 8]], [[19, 20], [0, 17], [11, 18], [5, 14], [12, 17], [0, 6], [8, 17], [5, 14], [0, 20], [3, 15]], [[4, 13], [1, 20], [3, 19], [1, 19], [4, 16], [3, 15], [5, 20], [3, 14], [7, 11], [6, 18]], [[2, 15], [8, 18], [2, 15], [3, 15], [3, 11], [8, 19], [14, 20], [2, 12], [9, 11], [15, 17]], [[9, 18], [0, 12], [0, 20], [2, 18], [2, 20], [2, 18], [4, 20], [3, 5], [6, 17], [0, 11]], [[0, 20], [4, 11], [12, 15], [2, 16], [1, 9], [0, 18], [1, 20], [0, 2], [1, 19], [0, 18]], [[7, 19], [6, 7], [3, 6], [6, 20], [10, 18], [2, 4], [3, 6], [2, 8], [11, 17], [2, 11]], [[1, 20], [0, 19], [11, 12], [6, 15], [4, 8], [0, 16], [4, 15], [0, 18], [5, 19], [15, 19]], [[4, 13], [4, 19], [16, 17], [13, 18], [0, 20], [16, 18], [5, 18], [0, 20], [13, 18], [5, 20]], [[10, 17], [1, 9], [1, 10], [8, 13], [4, 17], [0, 20], [0, 13], [1, 7], [12, 15], [0, 18]], [[10, 14], [3, 9], [1, 19], [9, 20], [3, 17], [5, 11], [13, 16], [4, 16], [7, 18], [0, 20]], [[5, 12], [7, 11], [11, 12], [0, 17], [3, 4], [9, 14], [10, 20], [12, 20], [12, 18], [4, 20]], [[14, 20], [3, 18], [2, 20], [5, 15], [13, 18], [8, 18], [10, 20], [1, 11], [7, 11], [1, 20]], [[13, 17], [1, 20], [1, 12], [1, 17], [15, 18], [3, 17], [5, 17], [6, 17], [6, 20], [1, 20]], [[5, 19], [6, 17], [10, 15], [0, 20], [5, 16], [3, 7], [1, 16], [0, 9], [1, 20], [2, 7]], [[3, 20], [9, 18], [12, 17], [7, 13], [0, 15], [16, 19], [0, 10], [5, 19], [6, 10], [9, 13]], [[4, 16], [4, 19], [3, 20], [5, 20], [11, 20], [7, 16], [8, 17], [0, 19], [4, 7], [4, 14]], [[7, 11], [15, 19], [1, 12], [12, 20], [2, 9], [6, 16], [1, 20], [2, 20], [0, 14], [1, 15]], [[19, 20], [0, 12], [5, 6], [2, 17], [6, 15], [3, 15], [0, 19], [1, 20], [1, 14], [9, 20]], [[0, 20], [8, 15], [3, 17], [5, 11], [7, 16], [2, 18], [3, 20], [4, 15], [10, 18], [12, 13]], [[6, 13], [2, 17], [4, 16], [3, 17], [0, 11], [3, 7], [1, 19], [2, 18], [1, 20], [4, 16]], [[5, 13], [2, 12], [12, 16], [0, 20], [1, 15], [5, 20], [2, 18], [6, 20], [5, 7], [0, 20]], [[6, 15], [8, 14], [1, 6], [1, 2], [3, 18], [8, 10], [4, 11], [8, 19], [0, 4], [2, 15]], [[0, 20], [0, 15], [6, 10], [0, 16], [11, 17], [4, 17], [12, 17], [1, 13], [3, 17], [9, 19]], [[7, 20], [4, 9], [12, 19], [9, 14], [0, 20], [0, 4], [0, 20], [12, 16], [0, 18], [3, 20]], [[18, 19], [8, 18], [1, 11], [6, 8], [0, 3], [7, 13], [4, 18], [16, 20], [8, 9], [3, 16]], [[2, 20], [5, 12], [3, 19], [3, 20], [0, 20], [8, 16], [6, 13], [1, 8], [10, 19], [14, 17]], [[3, 6], [1, 19], [0, 18], [0, 20], [5, 9], [3, 18], [14, 19], [8, 19], [3, 10], [6, 16]], [[1, 11], [4, 18], [5, 8], [1, 20], [7, 16], [2, 18], [6, 19], [6, 15], [2, 15], [19, 20]], [[8, 19], [5, 19], [0, 10], [3, 13], [3, 19], [6, 14], [4, 10], [2, 19], [8, 10], [4, 7]], [[2, 19], [6, 18], [4, 11], [13, 16], [1, 12], [1, 18], [11, 19], [5, 15], [3, 17], [7, 18]], [[3, 8], [1, 20], [0, 10], [1, 19], [0, 20], [2, 6], [2, 3], [7, 11], [14, 19], [10, 17]], [[3, 20], [2, 4], [0, 19], [12, 14], [2, 15], [5, 14], [3, 6], [7, 12], [1, 8], [0, 16]], [[6, 17], [3, 11], [2, 15], [3, 17], [11, 19], [3, 20], [2, 4], [7, 18], [7, 15], [11, 17]], [[6, 20], [8, 19], [1, 8], [1, 7], [2, 11], [17, 18], [3, 13], [1, 16], [9, 10], [13, 20]], [[4, 16], [0, 17], [0, 20], [5, 16], [17, 20], [12, 20], [11, 12], [0, 5], [3, 20], [11, 19]], [[0, 13], [4, 5], [1, 20], [1, 20], [13, 17], [0, 20], [5, 6], [1, 19], [4, 17], [2, 19]], [[13, 17], [14, 19], [5, 19], [9, 18], [0, 20], [1, 20], [3, 19], [5, 19], [0, 19], [6, 19]], [[1, 15], [0, 15], [4, 18], [9, 11], [7, 20], [1, 20], [2, 9], [0, 20], [8, 20], [0, 10]], [[7, 10], [6, 7], [4, 20], [2, 20], [4, 11], [13, 18], [5, 9], [0, 9], [2, 18], [2, 20]], [[7, 17], [3, 19], [0, 20], [3, 18], [3, 12], [11, 16], [1, 20], [4, 17], [2, 20], [6, 19]], [[0, 20], [8, 10], [9, 10], [0, 10], [2, 6], [1, 14], [4, 14], [0, 20], [3, 11], [7, 16]], [[3, 16], [2, 19], [0, 7], [2, 19], [0, 20], [3, 17], [14, 20], [0, 16], [2, 15], [6, 10]], [[17, 19], [3, 18], [0, 5], [0, 20], [1, 16], [8, 19], [3, 8], [7, 12], [0, 20], [0, 19]], [[5, 19], [1, 20], [4, 10], [5, 6], [0, 9], [1, 17], [15, 19], [17, 19], [6, 18], [5, 8]], [[1, 18], [0, 14], [5, 13], [5, 14], [5, 7], [5, 10], [0, 15], [5, 18], [3, 17], [2, 16]], [[3, 14], [13, 18], [2, 19], [0, 20], [4, 19], [6, 19], [0, 6], [9, 10], [0, 16], [3, 17]], [[0, 19], [5, 10], [9, 17], [13, 15], [8, 17], [3, 9], [4, 9], [0, 18], [10, 14], [1, 15]], [[3, 15], [6, 20], [3, 17], [5, 17], [2, 14], [4, 19], [1, 19], [0, 17], [11, 12], [0, 20]], [[2, 5], [0, 17], [1, 20], [11, 12], [13, 16], [1, 10], [5, 18], [5, 6], [3, 9], [3, 11]], [[3, 5], [6, 13], [6, 18], [0, 5], [1, 20], [6, 9], [1, 16], [7, 13], [3, 18], [2, 20]], [[3, 5], [2, 17], [4, 11], [8, 10], [6, 7], [9, 18], [9, 11], [0, 18], [0, 19], [0, 20]], [[10, 16], [4, 17], [3, 18], [4, 8], [10, 17], [2, 9], [3, 19], [2, 11], [2, 18], [0, 20]], [[1, 20], [2, 14], [1, 19], [0, 18], [0, 4], [1, 8], [5, 12], [3, 14], [8, 19], [0, 18]], [[3, 20], [1, 6], [0, 18], [6, 17], [5, 8], [7, 18], [5, 8], [2, 20], [2, 8], [4, 8]], [[0, 20], [0, 16], [15, 18], [2, 15], [6, 9], [9, 11], [4, 15], [0, 20], [11, 17], [9, 10]], [[3, 17], [8, 17], [0, 11], [13, 16], [10, 15], [0, 18], [1, 11], [1, 20], [7, 18], [9, 20]], [[6, 15], [14, 17], [5, 20], [9, 18], [0, 20], [1, 18], [0, 1], [5, 18], [0, 11], [3, 12]], [[10, 11], [7, 17], [0, 20], [3, 14], [0, 17], [3, 20], [12, 19], [1, 12], [1, 18], [1, 16]], [[4, 5], [0, 20], [2, 20], [12, 13], [3, 8], [9, 11], [1, 5], [8, 13], [8, 14], [9, 20]], [[7, 14], [0, 12], [0, 20], [1, 18], [0, 19], [14, 20], [6, 7], [2, 20], [0, 16], [0, 19]], [[0, 20], [2, 20], [0, 18], [1, 20], [0, 7], [3, 19], [3, 14], [0, 20], [9, 14], [0, 17]], [[6, 18], [11, 15], [0, 18], [8, 14], [1, 8], [0, 20], [5, 16], [7, 16], [1, 19], [1, 16]], [[5, 8], [7, 9], [7, 14], [6, 12], [3, 17], [7, 14], [12, 18], [1, 19], [5, 18], [2, 20]], [[15, 20], [3, 19], [7, 15], [5, 16], [1, 12], [3, 18], [4, 17], [1, 17], [9, 12], [3, 16]], [[12, 13], [9, 18], [4, 13], [0, 14], [2, 16], [7, 15], [1, 13], [2, 17], [1, 19], [4, 15]], [[0, 17], [15, 18], [5, 20], [8, 17], [4, 20], [6, 18], [2, 16], [12, 13], [3, 13], [17, 19]], [[0, 11], [0, 19], [13, 20], [17, 19], [4, 14], [7, 11], [0, 14], [6, 18], [0, 20], [9, 11]], [[1, 19], [2, 8], [0, 19], [4, 13], [4, 16], [0, 14], [5, 20], [4, 11], [6, 19], [6, 17]], [[1, 19], [3, 16], [8, 16], [1, 20], [5, 10], [7, 17], [0, 20], [9, 15], [8, 20], [1, 16]], [[3, 14], [3, 13], [1, 14], [2, 20], [5, 7], [0, 20], [3, 15], [5, 20], [1, 18], [0, 18]], [[1, 19], [0, 13], [0, 17], [16, 18], [13, 19], [4, 6], [1, 16], [11, 18], [1, 16], [11, 13]], [[0, 20], [12, 20], [2, 8], [1, 19], [5, 9], [8, 18], [1, 18], [0, 16], [4, 20], [0, 4]], [[7, 15], [6, 11], [1, 19], [0, 15], [4, 20], [0, 16], [5, 15], [19, 20], [2, 7], [3, 18]], [[14, 16], [8, 19], [0, 19], [1, 18], [1, 16], [8, 16], [7, 13], [6, 18], [0, 7], [3, 11]], [[2, 15], [0, 15], [11, 20], [0, 19], [6, 16], [2, 15], [6, 14], [7, 16], [3, 20], [6, 17]], [[3, 17], [7, 12], [1, 13], [2, 14], [0, 20], [1, 17], [2, 19], [0, 16], [6, 12], [0, 3]], [[10, 14], [1, 20], [3, 16], [0, 18], [0, 11], [6, 11], [1, 4], [2, 9], [1, 13], [3, 4]], [[16, 19], [0, 9], [2, 17], [17, 20], [8, 16], [11, 20], [14, 15], [10, 12], [0, 20], [3, 16]], [[6, 13], [14, 17], [0, 16], [4, 20], [0, 18], [6, 7], [10, 17], [5, 17], [0, 6], [17, 18]], [[3, 20], [2, 9], [11, 13], [1, 11], [2, 20], [15, 18], [1, 20], [2, 20], [3, 13], [3, 20]], [[13, 19], [1, 20], [0, 19], [2, 19], [2, 20], [17, 19], [1, 19], [6, 16], [1, 19], [6, 9]], [[10, 15], [2, 19], [1, 8], [3, 19], [12, 19], [10, 12], [2, 20], [2, 5], [8, 12], [18, 20]], [[5, 7], [1, 19], [5, 18], [5, 15], [12, 17], [12, 20], [14, 20], [1, 17], [3, 14], [0, 20]], [[3, 20], [0, 19], [4, 7], [14, 18], [5, 8], [8, 16], [8, 13], [2, 18], [2, 20], [0, 20]], [[0, 20], [15, 17], [5, 8], [3, 19], [1, 18], [5, 7], [0, 13], [0, 19], [2, 14], [0, 19]], [[1, 20], [1, 17], [1, 16], [1, 18], [0, 20], [9, 10], [9, 15], [1, 9], [13, 18], [15, 17]], [[3, 20], [0, 2], [10, 15], [1, 19], [8, 19], [2, 19], [1, 12], [11, 18], [12, 17], [3, 11]], [[4, 18], [5, 18], [18, 20], [3, 11], [4, 15], [1, 17], [0, 20], [2, 17], [0, 19], [14, 18]], [[6, 11], [7, 15], [1, 20], [2, 15], [2, 19], [1, 18], [13, 14], [9, 15], [4, 11], [0, 4]], [[15, 18], [9, 10], [6, 9], [0, 20], [0, 4], [4, 19], [0, 17], [0, 4], [16, 17], [0, 19]], [[3, 6], [1, 20], [1, 20], [1, 20], [3, 18], [11, 17], [2, 17], [9, 15], [3, 15], [11, 15]], [[12, 18], [8, 19], [6, 10], [1, 20], [0, 3], [8, 17], [4, 18], [3, 16], [2, 20], [1, 19]], [[0, 16], [0, 5], [5, 10], [5, 17], [5, 16], [9, 16], [2, 13], [5, 20], [0, 13], [7, 10]], [[10, 17], [1, 14], [3, 16], [0, 16], [0, 20], [3, 19], [16, 19], [0, 19], [12, 19], [0, 19]], [[1, 20], [17, 20], [12, 18], [10, 16], [9, 19], [0, 20], [6, 19], [5, 11], [13, 20], [3, 18]], [[0, 9], [11, 15], [8, 14], [11, 17], [10, 20], [4, 18], [10, 17], [12, 19], [3, 18], [0, 6]], [[6, 10], [2, 16], [0, 1], [11, 15], [0, 18], [8, 16], [1, 20], [0, 16], [9, 18], [6, 20]], [[0, 18], [15, 16], [0, 20], [0, 20], [0, 13], [9, 20], [0, 20], [5, 15], [1, 16], [10, 13]], [[2, 7], [4, 11], [2, 16], [5, 11], [0, 20], [2, 17], [1, 14], [1, 13], [5, 17], [0, 17]], [[0, 20], [2, 18], [5, 20], [5, 19], [9, 19], [0, 16], [3, 20], [2, 19], [0, 15], [5, 10]], [[0, 6], [3, 19], [10, 15], [0, 15], [4, 8], [15, 17], [5, 16], [2, 16], [1, 14], [3, 19]], [[2, 5], [1, 19], [6, 17], [3, 17], [13, 19], [8, 16], [0, 20], [8, 11], [0, 18], [6, 20]], [[3, 17], [4, 15], [2, 5], [5, 14], [0, 20], [2, 19], [6, 16], [2, 15], [3, 13], [1, 17]], [[0, 3], [0, 20], [8, 15], [1, 11], [5, 20], [4, 9], [7, 17], [8, 16], [1, 9], [2, 19]], [[2, 19], [1, 17], [9, 20], [12, 15], [9, 18], [3, 17], [2, 18], [3, 4], [0, 13], [3, 7]], [[3, 20], [0, 16], [6, 19], [2, 20], [3, 12], [13, 15], [3, 12], [14, 18], [12, 17], [7, 13]], [[0, 2], [11, 12], [7, 20], [7, 19], [13, 19], [7, 10], [15, 19], [2, 15], [5, 9], [4, 18]], [[14, 15], [2, 10], [1, 11], [2, 19], [3, 11], [9, 14], [0, 6], [1, 20], [0, 20], [1, 19]], [[9, 14], [4, 18], [2, 11], [6, 8], [10, 20], [0, 14], [5, 18], [0, 15], [0, 12], [0, 17]], [[3, 16], [2, 17], [5, 13], [9, 12], [1, 10], [0, 15], [0, 16], [0, 18], [1, 13], [1, 18]], [[5, 19], [0, 19], [1, 20], [0, 20], [1, 3], [2, 19], [0, 20], [9, 20], [4, 20], [0, 16]], [[8, 17], [13, 16], [4, 16], [9, 13], [6, 19], [0, 13], [3, 15], [0, 18], [5, 12], [3, 8]], [[6, 7], [9, 19], [15, 20], [15, 19], [0, 20], [9, 16], [5, 11], [4, 20], [0, 19], [0, 6]], [[2, 20], [12, 19], [3, 5], [5, 19], [7, 20], [7, 17], [5, 18], [13, 19], [0, 13], [0, 7]], [[3, 20], [14, 19], [6, 8], [11, 14], [2, 18], [5, 20], [5, 15], [11, 19], [5, 10], [5, 8]], [[10, 14], [1, 20], [10, 20], [0, 18], [7, 16], [0, 19], [5, 13], [0, 20], [3, 5], [1, 19]], [[1, 20], [2, 8], [0, 20], [0, 19], [0, 18], [4, 20], [1, 16], [7, 12], [5, 12], [0, 20]], [[6, 15], [6, 18], [0, 9], [7, 20], [4, 11], [4, 18], [14, 20], [0, 20], [3, 11], [11, 16]], [[4, 17], [2, 6], [13, 15], [1, 3], [0, 20], [2, 9], [0, 2], [11, 14], [1, 19], [9, 11]], [[11, 15], [10, 13], [17, 20], [0, 16], [3, 20], [8, 17], [2, 19], [3, 19], [3, 19], [8, 16]], [[0, 6], [1, 20], [6, 20], [0, 20], [6, 14], [6, 11], [2, 14], [0, 20], [3, 16], [11, 20]], [[1, 6], [0, 17], [8, 12], [4, 20], [14, 20], [0, 16], [4, 7], [1, 19], [1, 16], [8, 15]], [[1, 13], [0, 19], [7, 19], [2, 17], [3, 11], [1, 18], [1, 14], [8, 16], [3, 19], [2, 18]], [[2, 14], [10, 14], [0, 19], [1, 10], [4, 5], [1, 20], [8, 10], [1, 17], [9, 20], [3, 12]], [[13, 20], [8, 16], [5, 19], [7, 13], [2, 10], [2, 18], [1, 6], [11, 20], [10, 19], [2, 20]], [[6, 16], [2, 19], [0, 19], [0, 9], [12, 13], [11, 20], [0, 19], [7, 19], [8, 16], [11, 18]], [[1, 7], [0, 20], [0, 1], [1, 9], [0, 20], [4, 16], [9, 12], [14, 17], [4, 7], [0, 9]], [[8, 13], [3, 5], [2, 19], [1, 4], [1, 15], [4, 16], [1, 18], [7, 9], [2, 16], [4, 17]], [[13, 20], [9, 16], [13, 19], [5, 18], [0, 2], [0, 20], [1, 16], [1, 14], [12, 20], [3, 18]], [[7, 20], [0, 19], [3, 19], [13, 15], [0, 7], [2, 12], [16, 17], [8, 18], [8, 14], [6, 9]], [[6, 14], [0, 12], [5, 7], [1, 6], [1, 19], [4, 5], [7, 19], [4, 11], [10, 11], [6, 15]], [[15, 16], [2, 14], [0, 20], [0, 20], [7, 15], [0, 20], [1, 20], [11, 16], [1, 20], [8, 11]], [[8, 19], [6, 20], [1, 2], [9, 12], [1, 17], [1, 18], [7, 17], [3, 7], [1, 20], [0, 16]], [[5, 15], [3, 17], [1, 11], [7, 20], [6, 9], [12, 14], [10, 20], [0, 20], [1, 12], [7, 11]], [[7, 18], [12, 17], [14, 17], [5, 6], [4, 19], [3, 9], [16, 18], [2, 14], [6, 19], [1, 18]], [[6, 14], [13, 14], [2, 7], [1, 9], [1, 14], [5, 20], [0, 20], [4, 19], [1, 18], [15, 17]], [[3, 17], [5, 10], [8, 18], [2, 12], [1, 20], [5, 11], [3, 19], [0, 10], [10, 14], [6, 15]], [[3, 20], [11, 20], [3, 6], [9, 16], [1, 15], [5, 12], [2, 19], [5, 12], [5, 16], [3, 18]], [[0, 14], [9, 17], [3, 11], [3, 20], [8, 18], [0, 12], [3, 15], [7, 17], [1, 18], [7, 15]], [[2, 16], [8, 17], [13, 19], [0, 18], [2, 19], [7, 19], [8, 15], [3, 5], [0, 19], [12, 18]], [[12, 13], [0, 20], [2, 20], [7, 8], [4, 12], [4, 17], [3, 18], [11, 13], [11, 20], [3, 19]], [[8, 20], [10, 13], [2, 12], [1, 6], [0, 9], [11, 19], [5, 13], [6, 19], [1, 7], [0, 19]], [[6, 16], [0, 2], [0, 20], [3, 6], [2, 20], [2, 17], [13, 14], [5, 18], [7, 20], [1, 20]], [[0, 17], [3, 16], [3, 17], [7, 20], [9, 19], [7, 12], [4, 9], [2, 3], [5, 11], [0, 14]], [[0, 20], [0, 16], [15, 20], [2, 8], [5, 20], [0, 13], [3, 18], [6, 11], [2, 19], [0, 20]], [[8, 16], [2, 6], [10, 18], [0, 10], [6, 19], [7, 11], [3, 8], [1, 3], [6, 16], [12, 20]], [[3, 12], [13, 20], [0, 16], [7, 9], [7, 14], [0, 14], [3, 20], [0, 13], [0, 20], [13, 19]], [[10, 14], [3, 19], [0, 14], [15, 17], [7, 10], [17, 18], [2, 19], [2, 19], [2, 7], [2, 14]], [[5, 8], [0, 12], [5, 7], [1, 15], [3, 19], [8, 19], [16, 20], [11, 16], [14, 15], [3, 17]], [[7, 15], [4, 15], [9, 10], [1, 20], [0, 20], [0, 20], [1, 19], [0, 9], [2, 10], [0, 14]], [[8, 16], [5, 14], [6, 10], [1, 9], [4, 7], [4, 13], [12, 17], [7, 8], [10, 16], [5, 15]], [[4, 17], [1, 9], [2, 20], [3, 19], [10, 20], [6, 19], [13, 20], [0, 20], [4, 20], [6, 15]], [[8, 13], [0, 20], [0, 20], [0, 20], [5, 13], [12, 18], [5, 7], [13, 18], [2, 17], [1, 19]], [[16, 18], [3, 15], [1, 19], [5, 12], [16, 18], [7, 9], [0, 20], [6, 17], [6, 9], [0, 19]], [[14, 20], [5, 10], [14, 17], [7, 18], [1, 19], [0, 10], [5, 14], [3, 7], [2, 19], [3, 18]], [[4, 15], [6, 19], [2, 18], [0, 8], [7, 18], [15, 17], [9, 15], [2, 15], [3, 15], [8, 19]], [[3, 20], [16, 20], [1, 10], [7, 18], [1, 3], [4, 5], [2, 20], [7, 11], [11, 17], [7, 18]], [[1, 19], [9, 10], [1, 18], [13, 15], [12, 20], [6, 19], [1, 9], [0, 20], [11, 17], [2, 12]], [[1, 20], [8, 9], [15, 17], [3, 19], [0, 1], [0, 20], [7, 12], [0, 10], [0, 19], [3, 15]], [[0, 19], [2, 20], [14, 16], [3, 14], [17, 20], [0, 17], [0, 20], [1, 19], [4, 14], [4, 12]], [[6, 14], [15, 19], [7, 19], [5, 12], [9, 10], [4, 19], [0, 1], [9, 13], [0, 20], [6, 17]], [[0, 11], [0, 14], [2, 20], [3, 17], [1, 17], [0, 19], [2, 18], [2, 17], [5, 11], [11, 19]], [[0, 4], [6, 18], [7, 18], [6, 14], [0, 20], [5, 16], [0, 8], [5, 18], [6, 19], [6, 15]], [[0, 19], [10, 15], [6, 20], [0, 6], [4, 15], [2, 18], [0, 20], [0, 20], [7, 15], [11, 18]], [[5, 16], [2, 16], [11, 14], [0, 11], [2, 9], [1, 13], [1, 4], [0, 16], [12, 15], [1, 13]], [[1, 19], [12, 17], [2, 20], [0, 20], [0, 7], [3, 17], [0, 18], [0, 4], [7, 11], [6, 20]], [[13, 18], [13, 19], [14, 15], [1, 9], [1, 11], [10, 14], [2, 4], [11, 14], [6, 18], [0, 18]], [[0, 16], [0, 20], [1, 6], [5, 19], [1, 20], [10, 15], [5, 7], [2, 16], [4, 17], [0, 20]], [[7, 9], [0, 20], [1, 19], [3, 18], [6, 14], [5, 14], [5, 8], [2, 14], [0, 20], [0, 16]], [[0, 20], [5, 10], [13, 17], [3, 14], [0, 6], [0, 20], [3, 20], [0, 8], [1, 16], [2, 17]], [[4, 13], [0, 20], [5, 18], [0, 20], [2, 3], [11, 12], [0, 14], [0, 20], [13, 17], [0, 20]], [[3, 15], [5, 11], [14, 19], [0, 20], [15, 19], [15, 18], [0, 10], [10, 14], [8, 19], [1, 13]], [[3, 17], [0, 17], [7, 20], [13, 14], [5, 6], [1, 17], [4, 6], [1, 17], [2, 18], [17, 20]], [[1, 20], [6, 15], [6, 11], [8, 20], [3, 18], [1, 18], [2, 20], [0, 19], [10, 18], [1, 18]], [[8, 13], [2, 6], [6, 19], [9, 19], [6, 20], [4, 17], [4, 19], [1, 14], [1, 6], [1, 2]], [[1, 20], [3, 14], [5, 18], [8, 12], [0, 16], [1, 8], [2, 7], [0, 6], [4, 20], [1, 20]], [[1, 10], [1, 18], [14, 18], [15, 18], [0, 13], [2, 3], [8, 17], [0, 10], [1, 3], [1, 9]], [[1, 18], [1, 14], [7, 11], [10, 18], [0, 8], [3, 19], [2, 13], [0, 20], [19, 20], [3, 18]], [[1, 5], [0, 12], [3, 20], [1, 16], [0, 17], [6, 16], [10, 12], [1, 15], [7, 13], [0, 19]], [[4, 9], [2, 13], [0, 3], [2, 15], [4, 18], [2, 16], [0, 18], [1, 20], [0, 20], [2, 20]], [[4, 6], [1, 9], [1, 16], [2, 17], [5, 12], [6, 16], [6, 9], [0, 17], [6, 12], [7, 16]], [[1, 18], [14, 15], [1, 14], [13, 17], [0, 20], [1, 15], [9, 10], [0, 20], [5, 19], [11, 20]], [[1, 20], [1, 20], [0, 19], [2, 8], [3, 20], [4, 19], [2, 20], [3, 10], [11, 16], [3, 20]], [[1, 2], [10, 18], [13, 20], [4, 16], [11, 20], [0, 20], [6, 18], [0, 18], [7, 10], [2, 8]], [[5, 14], [0, 18], [6, 8], [1, 3], [6, 13], [14, 20], [0, 20], [10, 20], [11, 19], [8, 11]], [[2, 12], [4, 20], [11, 17], [4, 16], [17, 18], [2, 19], [2, 20], [8, 11], [15, 18], [1, 20]], [[8, 17], [1, 20], [6, 16], [11, 16], [10, 20], [5, 20], [6, 20], [5, 17], [11, 15], [1, 7]], [[14, 15], [15, 18], [7, 10], [6, 18], [3, 19], [1, 4], [12, 17], [11, 19], [0, 11], [0, 20]], [[6, 18], [4, 15], [11, 17], [3, 19], [8, 19], [3, 11], [1, 17], [10, 14], [16, 20], [5, 19]], [[8, 16], [4, 14], [2, 15], [4, 19], [10, 18], [2, 14], [0, 10], [13, 17], [0, 19], [2, 19]], [[11, 19], [0, 20], [0, 17], [15, 19], [5, 13], [16, 19], [3, 16], [0, 1], [1, 19], [0, 19]], [[2, 19], [12, 20], [5, 18], [2, 15], [4, 11], [0, 20], [15, 16], [13, 18], [16, 19], [17, 18]], [[4, 5], [4, 9], [2, 11], [0, 11], [0, 20], [0, 15], [8, 11], [0, 11], [5, 16], [2, 6]], [[16, 19], [11, 12], [10, 15], [2, 4], [2, 20], [1, 17], [16, 17], [0, 19], [12, 20], [8, 14]], [[3, 6], [0, 19], [7, 15], [5, 19], [2, 13], [13, 18], [0, 20], [14, 17], [8, 17], [2, 18]], [[9, 15], [1, 17], [6, 13], [7, 17], [1, 13], [10, 18], [0, 10], [7, 15], [6, 7], [1, 20]], [[1, 20], [12, 18], [4, 16], [6, 11], [15, 20], [2, 18], [6, 20], [1, 13], [2, 19], [1, 19]], [[1, 20], [6, 14], [4, 17], [3, 18], [3, 18], [1, 8], [14, 19], [12, 20], [0, 20], [6, 15]], [[0, 20], [13, 18], [2, 20], [3, 4], [8, 13], [7, 8], [3, 19], [13, 20], [1, 4], [4, 5]], [[9, 16], [10, 11], [8, 16], [0, 20], [1, 17], [12, 17], [4, 12], [10, 20], [1, 16], [7, 16]], [[0, 19], [0, 18], [1, 17], [2, 14], [8, 15], [16, 18], [4, 16], [4, 20], [0, 18], [3, 16]], [[5, 11], [4, 17], [12, 20], [13, 20], [17, 20], [0, 19], [2, 9], [2, 15], [1, 18], [4, 16]], [[2, 17], [2, 17], [8, 9], [10, 20], [0, 20], [7, 17], [0, 20], [2, 15], [1, 19], [11, 12]], [[0, 18], [5, 6], [8, 10], [7, 13], [1, 16], [13, 20], [11, 13], [7, 19], [1, 19], [0, 19]], [[2, 15], [1, 17], [6, 15], [9, 18], [13, 14], [3, 9], [2, 11], [5, 9], [0, 19], [12, 13]], [[2, 18], [2, 6], [0, 12], [0, 20], [2, 17], [6, 19], [12, 16], [3, 17], [5, 19], [0, 16]], [[11, 18], [0, 20], [4, 17], [4, 20], [9, 20], [10, 11], [1, 19], [1, 14], [0, 20], [1, 19]], [[9, 11], [5, 6], [0, 5], [18, 20], [11, 15], [5, 20], [1, 19], [4, 17], [2, 20], [1, 13]], [[0, 16], [10, 14], [14, 16], [13, 17], [5, 14], [0, 20], [10, 17], [8, 19], [15, 19], [1, 20]], [[14, 19], [3, 7], [0, 15], [14, 16], [1, 16], [17, 20], [2, 6], [1, 6], [6, 18], [10, 14]], [[2, 20], [3, 7], [0, 15], [9, 18], [8, 19], [3, 10], [8, 17], [2, 15], [0, 9], [0, 20]], [[0, 19], [6, 9], [3, 17], [0, 20], [8, 10], [2, 19], [6, 14], [1, 19], [1, 16], [7, 17]], [[13, 14], [0, 13], [5, 12], [5, 10], [10, 12], [8, 16], [7, 19], [3, 20], [4, 13], [1, 3]], [[0, 20], [1, 9], [5, 15], [9, 14], [2, 3], [0, 20], [5, 16], [0, 20], [4, 18], [4, 14]], [[5, 14], [7, 15], [14, 20], [6, 18], [5, 20], [0, 20], [11, 17], [1, 19], [6, 19], [2, 20]], [[1, 19], [6, 18], [0, 15], [2, 20], [1, 19], [13, 16], [10, 14], [2, 10], [3, 7], [1, 20]], [[14, 18], [13, 20], [0, 20], [7, 18], [3, 7], [0, 18], [4, 8], [0, 18], [2, 14], [1, 2]], [[3, 14], [8, 19], [2, 15], [2, 16], [0, 3], [10, 13], [12, 20], [0, 19], [11, 20], [6, 17]], [[0, 4], [2, 14], [5, 9], [5, 10], [4, 20], [9, 17], [2, 20], [0, 20], [3, 8], [1, 13]], [[2, 6], [0, 13], [1, 19], [0, 20], [6, 15], [2, 19], [18, 20], [0, 9], [5, 20], [1, 4]], [[11, 13], [5, 6], [3, 16], [1, 14], [2, 8], [3, 10], [0, 8], [2, 17], [4, 11], [0, 20]], [[4, 13], [5, 18], [9, 11], [8, 18], [3, 18], [1, 20], [16, 17], [2, 20], [5, 19], [8, 20]], [[5, 20], [2, 19], [0, 6], [0, 20], [2, 3], [6, 11], [5, 16], [0, 19], [1, 19], [8, 12]], [[6, 16], [13, 15], [0, 12], [9, 11], [9, 15], [4, 10], [0, 17], [1, 7], [13, 15], [1, 10]], [[0, 14], [8, 20], [3, 17], [0, 19], [0, 9], [6, 11], [2, 17], [8, 11], [4, 8], [1, 10]], [[4, 14], [6, 20], [14, 17], [6, 13], [2, 15], [4, 10], [0, 19], [17, 18], [14, 16], [1, 20]], [[0, 18], [10, 15], [0, 17], [5, 20], [1, 20], [0, 20], [7, 18], [3, 7], [1, 18], [4, 14]], [[4, 20], [2, 19], [3, 11], [11, 20], [1, 10], [8, 16], [5, 19], [4, 8], [0, 20], [1, 13]], [[2, 16], [1, 15], [2, 14], [1, 20], [2, 5], [1, 14], [11, 16], [4, 5], [2, 12], [7, 9]], [[0, 13], [1, 15], [9, 17], [11, 13], [5, 20], [7, 13], [14, 15], [10, 17], [5, 10], [9, 16]], [[6, 17], [5, 7], [18, 19], [5, 19], [14, 19], [6, 11], [4, 18], [7, 17], [1, 20], [3, 13]], [[14, 20], [3, 18], [2, 7], [4, 17], [5, 9], [0, 20], [7, 11], [0, 20], [5, 12], [1, 15]], [[8, 18], [9, 20], [10, 20], [2, 7], [6, 20], [1, 18], [0, 18], [3, 17], [6, 7], [6, 18]], [[7, 19], [0, 12], [1, 13], [1, 13], [1, 16], [17, 20], [5, 16], [9, 11], [4, 20], [3, 19]], [[4, 9], [6, 15], [3, 8], [1, 16], [1, 5], [12, 20], [2, 15], [6, 8], [7, 20], [3, 18]], [[0, 12], [13, 20], [5, 11], [19, 20], [2, 12], [1, 12], [1, 9], [8, 18], [1, 17], [0, 20]], [[1, 14], [4, 20], [2, 11], [9, 10], [0, 20], [11, 20], [2, 12], [0, 16], [1, 20], [3, 17]], [[0, 7], [10, 19], [4, 11], [8, 9], [9, 19], [8, 19], [3, 16], [5, 20], [18, 20], [5, 18]], [[0, 20], [0, 20], [2, 8], [2, 14], [4, 19], [0, 19], [11, 14], [0, 19], [0, 20], [0, 9]], [[1, 18], [10, 16], [8, 11], [3, 20], [0, 20], [1, 17], [0, 19], [2, 18], [14, 20], [4, 19]], [[4, 17], [0, 10], [9, 18], [6, 20], [9, 19], [17, 19], [1, 20], [0, 12], [7, 16], [0, 18]], [[1, 17], [1, 15], [4, 9], [14, 16], [6, 12], [1, 20], [1, 20], [1, 8], [3, 17], [6, 15]], [[6, 19], [16, 18], [1, 20], [0, 20], [13, 19], [6, 14], [4, 20], [2, 17], [1, 20], [4, 10]], [[10, 12], [11, 18], [0, 17], [4, 16], [2, 18], [0, 14], [6, 17], [9, 17], [0, 19], [1, 9]], [[0, 18], [15, 19], [2, 18], [13, 20], [0, 14], [6, 14], [1, 18], [0, 6], [1, 19], [0, 20]], [[0, 18], [7, 20], [2, 20], [7, 17], [5, 20], [8, 10], [5, 10], [2, 17], [1, 18], [7, 16]], [[7, 19], [15, 20], [2, 5], [3, 14], [1, 17], [8, 14], [1, 19], [9, 18], [0, 20], [5, 20]], [[1, 5], [6, 17], [6, 7], [14, 17], [0, 20], [9, 19], [10, 14], [1, 7], [4, 13], [11, 20]], [[3, 15], [13, 16], [1, 10], [4, 9], [4, 19], [14, 17], [0, 5], [7, 20], [11, 16], [0, 19]], [[2, 16], [1, 16], [0, 7], [1, 19], [11, 17], [10, 14], [1, 15], [5, 8], [10, 19], [0, 16]], [[6, 16], [6, 7], [4, 5], [1, 19], [7, 19], [3, 19], [3, 18], [8, 19], [4, 5], [3, 13]], [[0, 17], [1, 12], [3, 20], [8, 14], [3, 10], [2, 19], [1, 16], [2, 16], [3, 19], [5, 18]], [[0, 3], [1, 13], [9, 17], [9, 16], [0, 20], [4, 18], [9, 17], [0, 19], [0, 17], [1, 19]], [[2, 18], [0, 4], [2, 19], [3, 8], [8, 9], [4, 20], [3, 14], [3, 15], [1, 20], [12, 19]], [[0, 14], [1, 19], [0, 19], [14, 15], [11, 19], [5, 17], [10, 11], [0, 10], [1, 8], [8, 20]], [[0, 20], [0, 12], [0, 20], [18, 19], [15, 17], [11, 14], [2, 6], [5, 16], [1, 20], [0, 18]], [[6, 16], [2, 20], [1, 16], [8, 10], [2, 20], [2, 10], [5, 10], [13, 15], [2, 11], [14, 20]], [[4, 6], [6, 8], [4, 12], [11, 18], [14, 15], [3, 17], [4, 19], [0, 16], [3, 20], [0, 3]], [[10, 19], [5, 17], [13, 19], [9, 11], [7, 19], [14, 20], [1, 10], [0, 20], [9, 14], [0, 19]], [[12, 15], [1, 20], [3, 18], [7, 19], [0, 3], [15, 16], [3, 19], [7, 20], [9, 10], [3, 16]], [[2, 17], [16, 17], [6, 9], [2, 18], [18, 19], [5, 17], [13, 18], [9, 16], [5, 19], [10, 18]], [[10, 15], [13, 20], [0, 20], [9, 20], [0, 18], [4, 18], [11, 20], [3, 20], [1, 14], [3, 19]], [[17, 18], [6, 17], [3, 20], [6, 17], [11, 12], [2, 18], [11, 13], [18, 20], [1, 8], [8, 18]], [[7, 18], [0, 12], [1, 19], [4, 15], [2, 20], [0, 20], [7, 15], [9, 14], [6, 18], [3, 8]], [[6, 14], [16, 20], [2, 18], [11, 16], [3, 4], [2, 5], [2, 4], [7, 19], [3, 9], [6, 16]], [[1, 16], [0, 19], [2, 8], [9, 20], [18, 20], [0, 20], [3, 17], [1, 6], [5, 17], [7, 20]], [[15, 20], [3, 8], [2, 20], [10, 17], [17, 18], [11, 18], [7, 18], [0, 13], [9, 12], [0, 20]], [[2, 7], [8, 19], [0, 6], [17, 18], [6, 17], [11, 19], [0, 2], [3, 18], [2, 14], [4, 19]], [[10, 12], [2, 18], [9, 19], [4, 20], [0, 20], [8, 19], [5, 14], [9, 19], [13, 19], [8, 11]], [[4, 8], [17, 20], [2, 20], [15, 19], [4, 19], [13, 18], [4, 12], [5, 16], [2, 19], [1, 20]], [[1, 8], [9, 10], [11, 20], [5, 18], [0, 20], [2, 16], [9, 12], [3, 16], [12, 13], [11, 17]], [[13, 20], [4, 10], [8, 9], [0, 6], [0, 14], [8, 9], [4, 7], [1, 11], [6, 15], [0, 19]], [[2, 9], [1, 20], [16, 20], [2, 17], [1, 19], [0, 18], [1, 20], [0, 14], [3, 15], [6, 10]], [[5, 13], [0, 9], [5, 6], [7, 14], [9, 20], [13, 19], [2, 7], [8, 18], [8, 19], [1, 2]], [[1, 17], [2, 16], [10, 16], [3, 16], [9, 13], [11, 19], [1, 20], [1, 10], [1, 15], [0, 20]], [[4, 16], [3, 14], [5, 7], [1, 19], [10, 20], [5, 18], [5, 16], [2, 10], [6, 12], [7, 16]], [[1, 20], [0, 20], [0, 17], [7, 10], [0, 19], [15, 16], [6, 19], [1, 20], [11, 18], [3, 8]], [[1, 18], [0, 20], [6, 17], [2, 20], [8, 19], [1, 9], [2, 19], [12, 19], [1, 19], [10, 14]], [[2, 3], [0, 18], [0, 19], [0, 20], [3, 10], [0, 4], [10, 20], [0, 15], [8, 17], [3, 19]], [[5, 19], [8, 19], [0, 20], [0, 2], [4, 7], [0, 20], [13, 16], [0, 18], [1, 6], [11, 18]], [[0, 10], [1, 20], [0, 2], [5, 11], [3, 20], [0, 14], [5, 9], [7, 16], [1, 12], [1, 17]], [[0, 17], [5, 10], [0, 14], [13, 16], [8, 10], [9, 13], [2, 18], [14, 15], [12, 18], [0, 20]], [[17, 20], [5, 11], [12, 13], [7, 11], [2, 20], [2, 17], [0, 15], [11, 19], [5, 15], [1, 20]], [[16, 20], [4, 15], [0, 18], [0, 16], [0, 20], [12, 17], [0, 14], [11, 20], [6, 17], [17, 19]], [[6, 9], [1, 19], [1, 16], [3, 18], [9, 11], [0, 16], [12, 14], [0, 19], [6, 9], [0, 20]], [[10, 17], [1, 14], [0, 19], [9, 11], [13, 19], [17, 19], [2, 19], [10, 15], [11, 16], [9, 19]], [[3, 10], [7, 20], [9, 11], [15, 16], [6, 10], [0, 20], [5, 18], [1, 18], [0, 16], [1, 20]], [[8, 18], [14, 19], [2, 4], [11, 20], [6, 16], [0, 20], [2, 14], [3, 18], [10, 15], [8, 14]], [[14, 19], [6, 18], [2, 20], [12, 18], [5, 18], [0, 20], [2, 7], [5, 19], [2, 8], [0, 18]], [[11, 17], [4, 17], [0, 8], [6, 18], [1, 8], [10, 20], [3, 8], [0, 20], [2, 17], [12, 14]], [[7, 14], [4, 20], [11, 12], [0, 18], [11, 14], [3, 15], [3, 20], [0, 20], [1, 14], [19, 20]], [[11, 19], [16, 18], [5, 15], [10, 18], [0, 18], [3, 11], [4, 15], [10, 13], [3, 20], [10, 20]], [[1, 16], [13, 14], [1, 12], [0, 19], [2, 5], [0, 11], [6, 8], [2, 14], [0, 19], [2, 6]], [[13, 19], [1, 7], [0, 19], [5, 11], [12, 16], [1, 15], [1, 12], [5, 8], [5, 20], [13, 18]], [[6, 11], [6, 7], [8, 18], [2, 17], [2, 7], [0, 1], [4, 20], [4, 11], [2, 19], [3, 13]], [[8, 20], [1, 20], [2, 10], [3, 10], [3, 15], [1, 15], [12, 20], [1, 20], [8, 20], [16, 17]], [[5, 14], [2, 8], [5, 13], [9, 14], [6, 7], [7, 17], [9, 11], [8, 11], [2, 14], [8, 14]], [[0, 6], [2, 18], [6, 15], [2, 18], [2, 15], [0, 19], [6, 13], [1, 18], [2, 6], [1, 20]], [[6, 15], [14, 19], [0, 20], [0, 19], [1, 20], [18, 20], [8, 10], [12, 13], [1, 4], [1, 18]], [[5, 18], [10, 20], [3, 10], [1, 6], [16, 20], [16, 17], [1, 19], [1, 20], [13, 14], [4, 13]], [[9, 20], [6, 18], [3, 16], [0, 18], [2, 16], [16, 20], [4, 17], [8, 20], [0, 9], [1, 12]], [[14, 19], [1, 20], [10, 13], [3, 20], [18, 19], [1, 17], [14, 16], [1, 20], [7, 16], [4, 19]], [[14, 20], [8, 20], [2, 15], [1, 16], [1, 17], [5, 6], [1, 20], [0, 6], [0, 17], [8, 15]], [[5, 10], [12, 18], [6, 8], [6, 15], [1, 20], [2, 20], [0, 20], [5, 19], [7, 13], [7, 10]], [[3, 14], [1, 17], [2, 4], [1, 3], [8, 14], [0, 20], [1, 20], [4, 9], [2, 19], [8, 14]], [[8, 9], [0, 9], [9, 19], [13, 19], [0, 19], [12, 20], [16, 19], [6, 19], [1, 20], [4, 14]], [[0, 20], [0, 6], [2, 20], [13, 18], [3, 13], [1, 7], [9, 19], [7, 9], [16, 19], [13, 16]]]}